[
{
  "model": "accounts.profile",
  "pk": 1,
  "fields": {
    "user": 1,
    "birth_date": "2020-09-10",
    "avatar": "user_pics/photo_2019-06-03_18-49-30_rir4wQ4.jpg"
  }
},
{
  "model": "accounts.profile",
  "pk": 2,
  "fields": {
    "user": 4,
    "birth_date": "2020-09-10",
    "avatar": "user_pics/cat_2.png"
  }
},
{
  "model": "accounts.profile",
  "pk": 3,
  "fields": {
    "user": 2,
    "birth_date": "2020-01-01",
    "avatar": ""
  }
},
{
  "model": "accounts.profile",
  "pk": 4,
  "fields": {
    "user": 8,
    "birth_date": null,
    "avatar": ""
  }
},
{
  "model": "accounts.profile",
  "pk": 5,
  "fields": {
    "user": 9,
    "birth_date": null,
    "avatar": ""
  }
},
{
  "model": "accounts.profile",
  "pk": 6,
  "fields": {
    "user": 10,
    "birth_date": null,
    "avatar": ""
  }
},
{
  "model": "accounts.profile",
  "pk": 7,
  "fields": {
    "user": 11,
    "birth_date": null,
    "avatar": ""
  }
},
{
  "model": "accounts.profile",
  "pk": 8,
  "fields": {
    "user": 12,
    "birth_date": null,
    "avatar": ""
  }
},
{
  "model": "accounts.profile",
  "pk": 9,
  "fields": {
    "user": 13,
    "birth_date": null,
    "avatar": ""
  }
},
{
  "model": "webapp.article",
  "pk": 2,
  "fields": {
    "title": "New Title 0",
    "text": "New Text 0",
    "author": 1,
    "status": "rejected",
    "created_at": "2020-07-20T14:58:26.764Z",
    "updated_at": "2020-07-20T14:58:26.764Z",
    "publish_at": "2020-07-29T14:43:02.363Z",
    "tags": []
  }
},
{
  "model": "webapp.article",
  "pk": 3,
  "fields": {
    "title": "New Title 1",
    "text": "New Text 1",
    "author": 1,
    "status": "new",
    "created_at": "2020-07-20T14:58:26.788Z",
    "updated_at": "2020-07-20T14:58:26.788Z",
    "publish_at": "2020-07-29T14:43:02.363Z",
    "tags": []
  }
},
{
  "model": "webapp.article",
  "pk": 4,
  "fields": {
    "title": "New Title 2",
    "text": "New Text 2",
    "author": 1,
    "status": "new",
    "created_at": "2020-07-20T14:58:26.809Z",
    "updated_at": "2020-07-20T14:58:26.809Z",
    "publish_at": "2020-07-29T14:43:02.363Z",
    "tags": []
  }
},
{
  "model": "webapp.article",
  "pk": 5,
  "fields": {
    "title": "",
    "text": "",
    "author": 1,
    "status": "new",
    "created_at": "2020-07-20T14:58:26.828Z",
    "updated_at": "2020-07-28T14:09:26.484Z",
    "publish_at": "2020-07-29T14:43:02.363Z",
    "tags": []
  }
},
{
  "model": "webapp.article",
  "pk": 6,
  "fields": {
    "title": "New Title 4",
    "text": "New Text 4",
    "author": 1,
    "status": "new",
    "created_at": "2020-07-20T14:58:26.846Z",
    "updated_at": "2020-07-20T14:58:26.846Z",
    "publish_at": "2020-07-29T14:43:02.363Z",
    "tags": []
  }
},
{
  "model": "webapp.article",
  "pk": 8,
  "fields": {
    "title": "New Title 6",
    "text": "New Text 6",
    "author": 1,
    "status": "new",
    "created_at": "2020-07-20T14:58:26.890Z",
    "updated_at": "2020-07-20T14:58:26.890Z",
    "publish_at": "2020-07-29T14:43:02.363Z",
    "tags": []
  }
},
{
  "model": "webapp.article",
  "pk": 9,
  "fields": {
    "title": "New Title 7",
    "text": "New Text 7",
    "author": 1,
    "status": "new",
    "created_at": "2020-07-20T14:58:26.908Z",
    "updated_at": "2020-07-20T14:58:26.909Z",
    "publish_at": "2020-07-29T14:43:02.363Z",
    "tags": []
  }
},
{
  "model": "webapp.article",
  "pk": 11,
  "fields": {
    "title": "New Title 10",
    "text": "New Text 10",
    "author": 1,
    "status": "new",
    "created_at": "2020-07-20T14:58:26.946Z",
    "updated_at": "2020-07-20T15:30:13.734Z",
    "publish_at": "2020-07-29T14:43:02.363Z",
    "tags": []
  }
},
{
  "model": "webapp.article",
  "pk": 12,
  "fields": {
    "title": "Test",
    "text": "Long long long text",
    "author": 1,
    "status": "rejected",
    "created_at": "2020-07-20T15:31:22.039Z",
    "updated_at": "2020-07-20T15:31:22.039Z",
    "publish_at": "2020-07-29T14:43:02.363Z",
    "tags": []
  }
},
{
  "model": "webapp.article",
  "pk": 13,
  "fields": {
    "title": "Title",
    "text": "Text",
    "author": 1,
    "status": "new",
    "created_at": "2020-07-22T13:43:19.477Z",
    "updated_at": "2020-07-22T13:43:19.477Z",
    "publish_at": "2020-07-29T14:43:02.363Z",
    "tags": []
  }
},
{
  "model": "webapp.article",
  "pk": 27,
  "fields": {
    "title": "\u043d\u0435\u043f\u0433\u0440ased",
    "text": "\u0443\u043a\u0432\u0430\u0435\u043c\u043f\u043d\u0438\u0440\u0433\u043easd",
    "author": 1,
    "status": "rejected",
    "created_at": "2020-07-27T15:29:49.428Z",
    "updated_at": "2020-08-03T15:37:07.067Z",
    "publish_at": "2020-07-29T14:43:00Z",
    "tags": []
  }
},
{
  "model": "webapp.article",
  "pk": 28,
  "fields": {
    "title": "",
    "text": "",
    "author": 1,
    "status": "new",
    "created_at": "2020-07-28T14:10:36.388Z",
    "updated_at": "2020-07-28T14:10:36.388Z",
    "publish_at": "2020-07-29T14:43:02.363Z",
    "tags": []
  }
},
{
  "model": "webapp.article",
  "pk": 29,
  "fields": {
    "title": "Title 2",
    "text": "Text 2",
    "author": 1,
    "status": "moderated",
    "created_at": "2020-07-28T15:27:22.614Z",
    "updated_at": "2020-08-04T15:21:43.867Z",
    "publish_at": "2020-07-29T14:40:00Z",
    "tags": [
      3
    ]
  }
},
{
  "model": "webapp.article",
  "pk": 30,
  "fields": {
    "title": "Admin",
    "text": "Hello!",
    "author": 1,
    "status": "moderated",
    "created_at": "2020-07-29T14:56:15.250Z",
    "updated_at": "2020-07-29T15:04:25.165Z",
    "publish_at": "2020-07-30T04:00:00Z",
    "tags": []
  }
},
{
  "model": "webapp.article",
  "pk": 31,
  "fields": {
    "title": "Test",
    "text": "Test",
    "author": 1,
    "status": "moderated",
    "created_at": "2020-07-29T15:05:14.325Z",
    "updated_at": "2020-07-29T15:05:14.325Z",
    "publish_at": "2020-07-31T04:00:00Z",
    "tags": []
  }
},
{
  "model": "webapp.article",
  "pk": 32,
  "fields": {
    "title": "ytghjk",
    "text": "ouhjkl",
    "author": 1,
    "status": "new",
    "created_at": "2020-08-03T15:24:56.411Z",
    "updated_at": "2020-08-03T15:24:56.412Z",
    "publish_at": "2020-08-16T04:56:00Z",
    "tags": []
  }
},
{
  "model": "webapp.article",
  "pk": 33,
  "fields": {
    "title": "jgvigoy8ui",
    "text": "rdtfvhbjnk",
    "author": 1,
    "status": "moderated",
    "created_at": "2020-08-04T14:57:37.415Z",
    "updated_at": "2020-08-06T14:54:05.908Z",
    "publish_at": "2020-08-23T18:00:00Z",
    "tags": []
  }
},
{
  "model": "webapp.article",
  "pk": 34,
  "fields": {
    "title": "sddad",
    "text": "asdasd",
    "author": 1,
    "status": "moderated",
    "created_at": "2020-08-06T15:20:59.114Z",
    "updated_at": "2020-08-06T15:20:59.114Z",
    "publish_at": "2020-08-06T15:20:59.112Z",
    "tags": [
      3
    ]
  }
},
{
  "model": "webapp.article",
  "pk": 35,
  "fields": {
    "title": "huojik",
    "text": "asdikl\r\nasdad\r\nadadsasd\r\nadasd",
    "author": 1,
    "status": "moderated",
    "created_at": "2020-08-07T15:38:34.442Z",
    "updated_at": "2020-08-07T16:00:51.622Z",
    "publish_at": "2020-08-07T15:38:00Z",
    "tags": []
  }
},
{
  "model": "webapp.article",
  "pk": 37,
  "fields": {
    "title": "huiygtif6udtiygujkl",
    "text": "nj;gfty8uok",
    "author": 1,
    "status": "new",
    "created_at": "2020-08-10T13:43:21.700Z",
    "updated_at": "2020-08-10T13:43:21.700Z",
    "publish_at": "2020-08-10T13:43:21.699Z",
    "tags": [
      1,
      2
    ]
  }
},
{
  "model": "webapp.article",
  "pk": 39,
  "fields": {
    "title": "Test tes test",
    "text": "test",
    "author": 1,
    "status": "new",
    "created_at": "2020-08-12T13:41:13.592Z",
    "updated_at": "2020-08-12T13:41:29.344Z",
    "publish_at": "2020-08-12T13:41:13.591Z",
    "tags": []
  }
},
{
  "model": "webapp.article",
  "pk": 40,
  "fields": {
    "title": "sasdasdasdasd",
    "text": "asdasdq",
    "author": 1,
    "status": "new",
    "created_at": "2020-08-12T14:32:03.199Z",
    "updated_at": "2020-08-12T14:32:03.199Z",
    "publish_at": "2020-08-12T14:32:03.198Z",
    "tags": []
  }
},
{
  "model": "webapp.article",
  "pk": 42,
  "fields": {
    "title": "testtesttest",
    "text": "test",
    "author": 1,
    "status": "new",
    "created_at": "2020-08-15T15:45:43.796Z",
    "updated_at": "2020-08-15T15:45:43.796Z",
    "publish_at": "2020-08-27T15:38:00Z",
    "tags": [
      1,
      2
    ]
  }
},
{
  "model": "webapp.article",
  "pk": 43,
  "fields": {
    "title": "Test Test Test",
    "text": "Test Test",
    "author": 1,
    "status": "new",
    "created_at": "2020-08-20T14:47:09.700Z",
    "updated_at": "2020-08-20T14:47:09.700Z",
    "publish_at": "2020-08-20T14:47:09.700Z",
    "tags": [
      1,
      2
    ]
  }
},
{
  "model": "webapp.article",
  "pk": 44,
  "fields": {
    "title": "Test test test",
    "text": "test",
    "author": 1,
    "status": "new",
    "created_at": "2020-08-20T15:23:45.419Z",
    "updated_at": "2020-08-20T15:23:45.419Z",
    "publish_at": "2020-08-20T15:23:45.418Z",
    "tags": [
      2,
      3
    ]
  }
},
{
  "model": "webapp.article",
  "pk": 45,
  "fields": {
    "title": "This a long long article",
    "text": "Test\r\ntest\r\ntest\r\ntest",
    "author": 2,
    "status": "moderated",
    "created_at": "2020-09-07T15:07:05.508Z",
    "updated_at": "2020-09-07T15:07:05.508Z",
    "publish_at": "2020-09-07T15:00:00Z",
    "tags": [
      2,
      3
    ]
  }
},
{
  "model": "webapp.article",
  "pk": 46,
  "fields": {
    "title": "test test test",
    "text": "test",
    "author": 1,
    "status": "new",
    "created_at": "2020-09-10T07:01:13.903Z",
    "updated_at": "2020-09-10T07:01:13.903Z",
    "publish_at": "2020-09-10T07:00:41Z",
    "tags": []
  }
},
{
  "model": "webapp.article",
  "pk": 47,
  "fields": {
    "title": "test test test",
    "text": "test",
    "author": 1,
    "status": "new",
    "created_at": "2020-09-10T07:01:27.650Z",
    "updated_at": "2020-09-10T07:01:40.602Z",
    "publish_at": "2020-09-10T07:01:13Z",
    "tags": []
  }
},
{
  "model": "webapp.comment",
  "pk": 1,
  "fields": {
    "article": 27,
    "text": "hb;jkl\r\nipygbhlk",
    "author": 1,
    "created_at": "2020-08-04T13:51:44.190Z",
    "updated_at": "2020-08-04T13:51:44.190Z"
  }
},
{
  "model": "webapp.comment",
  "pk": 2,
  "fields": {
    "article": 27,
    "text": "bvguhijl\r\nljkhgicfurdf7\r\njnhgyt",
    "author": 1,
    "created_at": "2020-08-04T13:51:57.619Z",
    "updated_at": "2020-08-04T13:51:57.619Z"
  }
},
{
  "model": "webapp.comment",
  "pk": 3,
  "fields": {
    "article": 29,
    "text": "vugftyt8p7oi\r\nljbkit87y9\r\nkjbhyiuo",
    "author": 1,
    "created_at": "2020-08-04T13:52:23.744Z",
    "updated_at": "2020-08-04T13:52:23.744Z"
  }
},
{
  "model": "webapp.comment",
  "pk": 4,
  "fields": {
    "article": 30,
    "text": "90iuhiybjnjbh0\r\ni90uhgbiyhjbh\r\nhui",
    "author": 1,
    "created_at": "2020-08-04T13:52:40.762Z",
    "updated_at": "2020-08-04T13:52:40.762Z"
  }
},
{
  "model": "webapp.comment",
  "pk": 5,
  "fields": {
    "article": 31,
    "text": "bjhgiuo\r\njkihu\r\njkhy",
    "author": 1,
    "created_at": "2020-08-04T13:52:53.310Z",
    "updated_at": "2020-08-04T13:52:53.310Z"
  }
},
{
  "model": "webapp.comment",
  "pk": 6,
  "fields": {
    "article": 31,
    "text": "text",
    "author": 1,
    "created_at": "2020-08-04T14:20:18.257Z",
    "updated_at": "2020-08-04T14:20:18.257Z"
  }
},
{
  "model": "webapp.comment",
  "pk": 7,
  "fields": {
    "article": 31,
    "text": "\u0444\u0432\u044b\u0444\u0432",
    "author": 1,
    "created_at": "2020-08-04T14:23:10.287Z",
    "updated_at": "2020-08-04T14:23:10.287Z"
  }
},
{
  "model": "webapp.comment",
  "pk": 8,
  "fields": {
    "article": 43,
    "text": "Test",
    "author": 1,
    "created_at": "2020-08-20T15:11:34.881Z",
    "updated_at": "2020-08-20T15:11:34.881Z"
  }
},
{
  "model": "webapp.comment",
  "pk": 9,
  "fields": {
    "article": 43,
    "text": "Test 2",
    "author": 1,
    "created_at": "2020-08-20T15:11:40.734Z",
    "updated_at": "2020-08-20T15:11:40.734Z"
  }
},
{
  "model": "webapp.comment",
  "pk": 10,
  "fields": {
    "article": 44,
    "text": "Test",
    "author": 1,
    "created_at": "2020-08-20T15:23:49.327Z",
    "updated_at": "2020-08-20T15:23:49.327Z"
  }
},
{
  "model": "webapp.comment",
  "pk": 11,
  "fields": {
    "article": 44,
    "text": "Test 2",
    "author": 1,
    "created_at": "2020-08-20T15:23:52.674Z",
    "updated_at": "2020-08-20T15:23:52.674Z"
  }
},
{
  "model": "webapp.comment",
  "pk": 12,
  "fields": {
    "article": 44,
    "text": "Test 3",
    "author": 1,
    "created_at": "2020-08-20T15:23:55.850Z",
    "updated_at": "2020-08-20T15:23:55.850Z"
  }
},
{
  "model": "webapp.comment",
  "pk": 13,
  "fields": {
    "article": 44,
    "text": "Test",
    "author": 1,
    "created_at": "2020-08-20T15:57:03.616Z",
    "updated_at": "2020-08-20T15:57:03.616Z"
  }
},
{
  "model": "webapp.comment",
  "pk": 14,
  "fields": {
    "article": 44,
    "text": "Test",
    "author": 1,
    "created_at": "2020-08-20T15:57:28.814Z",
    "updated_at": "2020-08-20T15:57:28.814Z"
  }
},
{
  "model": "webapp.comment",
  "pk": 16,
  "fields": {
    "article": 35,
    "text": "Test",
    "author": 1,
    "created_at": "2020-09-07T14:43:45.212Z",
    "updated_at": "2020-09-07T14:43:45.212Z"
  }
},
{
  "model": "webapp.comment",
  "pk": 18,
  "fields": {
    "article": 45,
    "text": "Test test test test",
    "author": 2,
    "created_at": "2020-09-07T15:26:18.469Z",
    "updated_at": "2020-09-07T15:26:18.469Z"
  }
},
{
  "model": "webapp.tag",
  "pk": 1,
  "fields": {
    "name": "Info",
    "created_at": "2020-08-07T13:56:09.435Z"
  }
},
{
  "model": "webapp.tag",
  "pk": 2,
  "fields": {
    "name": "Python",
    "created_at": "2020-08-07T13:59:42.434Z"
  }
},
{
  "model": "webapp.tag",
  "pk": 3,
  "fields": {
    "name": "Django",
    "created_at": "2020-08-07T14:02:03.965Z"
  }
}
]
